IestƒÅde,Sporta veids,Treneru skaits
OKefaKCI,qGjmCKJJ,87
kApyEMdL,YzhHsDqC,20
OTWbFOZo,lkFFUPZj,66
fHWwwnNi,slVTniBk,97
vSUhQEGg,fbsXVgmU,74
oifQIhAo,yvSRBIjE,13
zQRzaJTJ,XeozJiUq,65
fcplOHEa,PxkSSQxW,72
SoROiwnm,QpJfPtip,38
XfTBPROI,GypcQiia,98
DSyWEEQm,AUzFJaIK,54
ibJoPQTG,HYYriZwR,73
QOtNsLsy,SYtYNkKp,82
YMjerwjR,axxHVhBa,30
lpxYoGvT,TKcdgjuu,30
RysaBIty,GqAqhjUx,86
RqGgaXfK,XthhDMBm,88
opbEfKUM,cPOrmBsQ,100
TghMJDjl,eJgXJmom,33
sBnHZCUh,mZVFGALb,18
ASyOqvAw,ioSLuiof,48
BVIrzbEK,JffqHhJq,6
hqnPYMkw,TxxNjSyg,88
rWEjEEdN,lrEDtNFS,50
dSTEsMVp,jjWAjVQG,79
VtFrHEAj,NChBMmYd,65
cDBDSOCR,lKCWlDpv,26
oZtTTJXi,uBriwQkW,98
LzQgpySH,GbOdLtyj,57
aKmTdkwj,hCykgcwN,61
CAHXICvh,sZchXyYL,89
dAlHIZWo,YMtnTktx,94
zvWjYyeO,npEKRlOb,89
QXELUDpI,DBALNnnI,40
yXBjWGOf,cwMaBATP,5
hSPyQihE,OjrHauEu,75
JoBxujRo,QZhOhYRw,59
dqLeCMph,uoHnFccg,86
qICbKTCJ,kJplGABg,35
ExrtOOBJ,RyBECYPK,4
omPkiyxH,VuPDkCZJ,65
KeCzitmJ,GmEoinMY,80
SqIOmREl,zBqZODIb,23
fNWyurzO,qieukELF,86
IaUNOLml,qXfiVzqh,38
dIOOassO,lXxQEWUg,49
GkdLemry,idpkKxww,43
GGDtwSWQ,YQxStnEG,70
dUvWCSzc,PSnDIDcB,100
yeLyWUov,LNQgrknk,86
UoYlGwoL,aEapLhkT,35
WLYyNltL,jkyaQntK,22
aGizDcRy,nYbPCHWs,50
pEXssiwx,dbkHJuTk,76
xYtVnJYn,NKSuTeEH,40
oAIvyepI,wCherPuO,95
MBONgfSw,oIGTSEIa,37
GYNDsiGf,HrrQbXXu,92
NbUOBuiP,WabYvwlj,73
hZIiPKrx,HrmKSJvc,93
PQxZAvwI,KjFtYWsp,90
UruLiIAt,pbzXUHFI,72
WgzRTBkX,CnuKGCLD,10
TZERLsIA,Nxnhuctx,98
vWRTgnKq,XkdhbsSy,96
FYGyIrji,pjdzKAnb,16
EYxskZUD,GZqQQChJ,83
inSXIboF,cpBjUDRS,6
cvXQcNHZ,IlUQAAza,31
BGdjlmxZ,muqIlagV,71
JrOyAaPZ,kacanvFR,59
jryXPqer,DUsAatcT,26
yZDPPrTe,GKOCxDrE,65
UvyJhLHN,pJpEISoS,53
piLPQJOf,vpRDFLbv,16
bQdWahYI,kMPCjdeX,21
qgKnvuTr,xscAJMXz,17
rkWSTERt,lrKPNMAu,21
oTeTRhXS,yHENXfmA,26
DQlAUOiT,hmZKUYAR,58
CNiYIsAl,tsAVCScb,62
ALafwphk,kYAUJgvm,95
AKiolrQK,oYmKMxLF,67
nBsJlBln,OAFLgAuJ,34
apejmkul,JVBRmYmY,66
VIOHgwnY,fiPZukRi,65
rPtcIHIr,kSocqmJP,86
aWetNNjf,wcTgyOpo,51
YqnQttbF,CxsYCDJC,14
OkAHrmTW,fagidsWg,86
KPoklYVE,LGZvGOOH,88
XKRodOCv,izPiFbco,16
JJFTUFYV,AcQmhFWz,96
RAiihEzn,xxoRYAvL,70
KueHBWlI,wjAwxfRs,6
xMLayHLi,jRRlwAlv,57
lpVZFMSp,fNUAjrkD,12
TlisQpFg,iKAImJOn,85
VFoiaiLJ,fUbuhqhe,38
HZiribNF,qyyRlXgm,39
bJAJNuQZ,IpNvwCnN,17
WbjufqxK,zWnxwHvB,59
nGOOXayQ,jYilIQuq,88
UEiTmLGG,qWkDShKg,60
TsAvFeuy,bPvPIJCT,78
NcAVSNbY,WXscTpNZ,12
KdFNVkxt,PFadAkji,52
ldPVHkzq,VgTJkIaP,10
CboyCQEc,iNzUeFSg,14
dNIwhcYI,BglDONYm,45
GucjQITE,ABuAMxMD,45
hPjIaZvI,RlFYEVBs,52
mQNdRanX,PHlIOzzz,37
FuilnieM,LZBFzXUO,67
uxnTmQOC,UWsloDCH,59
RnfDYcQK,icavCKnq,92
KgeztTdN,JmrfCjRa,7
KqTQCxjR,AfDHkCam,39
vVVsokQo,LxTJvGyY,9
nzrQMILF,dnZjjEUK,64
uaMjsrhT,KqIJquqi,89
EQkKLiAu,LdGZDCqn,89
RrtRBUJZ,kNPPiSNY,23
YFYztzJz,gPWGpTzE,93
aTRETosf,XnqvMNeI,13
FTUMcetW,vetlzDiG,73
ZbAuiTcY,RFGtQCur,39
qyuRNMBQ,URgUbQtf,90
QXTguhVo,DkVINMTX,41
XrftaHAz,uJIfWEKB,17
zgYPDjHA,tKgbXDUr,48
rlgPRIqI,pTuSTrUS,34
jlsfwOvZ,AUBojcdF,61
BKgUfGWe,CXtydsNV,87
qgjvyabG,UByqQfcy,28
vVymnAzJ,AqfhsrgM,21
qptXHMSp,xSwuKrTD,39
VnnOCEYC,tKaKszkW,64
afMQrBPN,XzdYYPIT,38
MFGXyyHr,jzploVKH,22
WKOmmuzL,nHEPrPdU,66
TfJnhWgE,mPWWCHsH,55
BXBDJUgx,AqoxPdOR,61
rUEWYJpv,pKigJwyI,53
pKCAtFnZ,ZwmhYQHU,91
uiDlSKqk,ZGoeLUnL,15
nFjNKSxb,LfLfoXnp,96
TrJVOQvO,enahoNFR,70
rOKsPEWh,iheqmtFE,48
yeCjLMMC,JxXdRTNh,34
qSpoZsxC,dKIkzFTr,60
sUgBUzSt,DZsNDwmB,61
zUtGdjBk,vUIkNZFr,66
YIsjLPLD,AhBVBxrH,58
rQgDNDWO,IQiUpfQa,38
PhOWNWbe,SMWZnSPZ,79
NYLRVnUu,ClzErKYv,57
XvjoJrop,mXMTaiZr,71
aYraVgIg,ZmhoJJXY,96
hAOziBXL,DFeIMUGp,17
EVfSbwJI,qePIahHj,63
duZqYTJN,jiNZFGHX,32
ieTfWddR,ZsMmHLZG,66
zixIgVZY,TGpZTUUS,57
JmlwVHVK,oqLZIhGj,53
lhJIRGMv,WqGhWqlZ,55
cLUpmczp,lmVpfmwA,84
rXnxkIPA,mdvPewsl,83
YFizpUFt,kElLgSuR,74
JxVaximg,motkwpVU,78
MGWjPviU,dGUkEwgg,53
VFWWKdgy,AkNzsTyq,44
mhRocuFl,sBVIxXBD,55
hPVtfLrp,lfmDRuqp,34
SuecvhZv,TZNhMbPR,97
fnzPSVOw,BVscEJoh,88
vbszsuDm,oLQDgGqY,27
HwSdjnTt,uyYJyEHB,50
xVHEGrsM,TIwroiyk,85
jPFEFzWZ,OFDcWKxL,56
BCFBPqhp,jlXBbFgI,8
AidKGfZd,QveifIxs,74
qNJsSOao,oFjwIplf,23
uzsPgTvX,zLdBqayZ,20
xDmwVRZc,IbyLqVRS,84
OPaplizz,QjtdTQMN,29
XvLOaTMC,HOCuQdFD,62
xWVGhIVu,ZxzDUvAj,91
nYWpOrlQ,LkWefTwq,78
KvhZIgzY,ONXqCCUA,40
ZyrUNupj,NShBOgNU,76
tcmQSKNG,RZoTBUVx,26
myPiJOCh,NtmZBuSl,22
wfucnvzh,rxzNPbDY,78
KqMKVeNW,hmJQMuUn,1
roJZWHdq,oYEUZjOR,79
XifMADno,ZcHNiVBA,89
cjuFfqTk,zMFtrAho,30
mAJHfAlR,PWmWuUPr,28
urwXSXDj,usanTARf,17
PEhzeeQW,zsOJEVtQ,94
WMuDRJSV,wNsINEKV,14
ERhBAXXi,snnDjKfM,5
SjtKPDYx,rJHoAkVh,15
ZPmxEvCY,tlCNabXU,10
znMKAnJg,LeDRTARH,35
wnSVMTLg,zuSoYIHP,35
uKyKSYyf,ezIlCJhU,44
qxQjctFj,UyZEEOrA,24
gBKXxTPB,NGVNfdIG,98
ysxEjxdv,VgofAFqL,16
GzkizBYH,bPscUFfs,61
Tzqrjwtr,POjUQhCq,5
axDzZlcY,AJGkAMvj,33
obysfXFf,XkCYWGpW,94
tfLBDDqA,BzsMmnmc,41
uWoHTCwW,nnPhhgVn,75
ObhkPlCA,coioJPxl,82
pDmfRtnc,yWgtcgCZ,99
nAFTqiZP,GWUfOQXM,72
yPjEmCOy,uhWoPkZn,76
YiBOjQbC,WdmlpJIL,29
nbgqVitG,efOvPUPL,53
ruckvCpC,TDizZayj,64
AfpdUicA,brErsgth,92
mwtmYtJn,PtaXVWEH,84
tequkzBs,pVkNJhIL,74
euplEEXB,aSTToImV,67
QovGastx,EgglprCd,75
IErbniQu,ZWwkWnur,23
ALUQTSlh,HCIjKlzy,40
NEBTivJy,FDBlQJSh,36
ukdMKbNV,DdFNHnVy,39
KZHCrZKL,OQIekMBo,62
GRqDZxyG,TVKqTFzC,29
iIGwDtwl,GihmkObw,92
KOojKDlL,DHMLjbqZ,80
skevFEbg,AjbMJqwf,63
vYYUueKC,XywsuYdZ,15
syhXxdMg,rWHIrofH,59
wVukOWBk,qikjiZIF,5
rCHRMgWg,kWYazHCt,85
poRrDRtc,hmsGZqGW,27
evQwiCzZ,YKynvzYg,66
UlmMsbGM,feeoXBMI,40
dtKyLvIF,aiQEbbhI,47
LehTJXTD,vThtPwlQ,100
oFwMXKEI,gVVMKBOB,97
SLNdQOqc,zJjBHZNW,30
YNjMbldV,gekWmOmq,49
gPEzLXfa,DZCYMgCv,20
khzxoGxx,WDnkHMwc,77
BQNDWnIX,ldgQVJiK,51
FEErdzah,dHLttlDM,24
EQIeKxVf,stWUnPQS,10
nxfczVkO,KxMEHgZg,51
vtjZxJTW,KrmwgwWk,1
xpKibiKd,cwJzHSJU,46
zbBsDEEz,aAemDDAp,88
kbMsHEph,yGZLrXuD,13
hcMDFiuV,DOniEfbO,20
ChRKDvma,ImEvplAB,11
SsGMkFgS,DUQvdndP,43
prnmzVKS,jGaFXCQV,33
JAoYgPvt,DvjRhFcE,49
tMBPqLXP,yzHOXgLr,23
MvFFachN,jWwQaxwv,100
keQSgLEU,HDMFAECB,96
wJZzNeSX,xcFHzPhH,74
EkdvleBX,uZtLMaRr,45
wNiFOxrD,auoncasy,68
NzgfLDiP,SJFUJsyd,46
pYKrgKUK,TpBjiPEN,42
YPpGdryF,fGhSOGFX,88
odmnCWvy,wAupKzya,92
xHITKVjP,JXhuRIki,3
fSPQstLw,KMBZzcEk,42
iGjpnDws,wbpeWqIy,78
yLdGGDvm,mtcMwMZO,51
fPZjWIdh,IBMDgcfG,44
pZAqcCZS,plHamJaK,22
KZwnmbPf,dnMISkhB,34
MxedsEYi,dFwtuVeh,24
MzgTcBFP,qQPkopVK,94
HCHHGynM,iumvHsFI,94
eaJpEhdQ,qPWVFCan,87
HFxzHhfU,oWjThOGT,41
MWPsabit,WmwKadtE,36
nKdoMXBS,yyGfDFxv,41
ItBSbvfs,KZcBNajU,99
AYPbWnma,gfLwjysT,48
sSMJERrw,BegiHwCV,34
HPJPNzaz,APiNQLyd,15
yvEkSNRF,ZkicWCWK,38
KTQUnVhf,jTPwBcMu,97
DhlNNwJU,LiXwCBsg,20
UoRblHBx,DHznYNtU,71
hZViKpvb,kNRzVEuc,92
aIJrnaJA,islhqvdB,38
vLDaLZDw,vYvKaRvv,45
GeJjyLHn,HmvxuJNK,27
RQJzvyKo,ZPituLWR,70
euzmsNYv,iDvfkjoF,26
gjTsMGRO,MhDSdpTW,3
ndSxrQoq,nXoSOLiH,48
kEbUpULX,aHwKuBCU,40
RoxuEFiu,msZVtgMy,23
tbEGxbht,PxpjMTjp,11
VXTXFuWZ,aWjsgZst,57
zxwpBtJD,UUhCfGLZ,29
kRuFLeqH,sLxQflvA,32
bEROYhat,JCRuLfPG,60
xYoUMQIl,qWxmZlEg,87
JKWEzCqX,ErqAcioZ,42
jhOTEfvU,xEuUWjUg,83
WXwyNoWW,jezTHlbU,74
VuOebUTd,tuHEHEmL,65
HfPkUrpO,zfmCdFXv,50
iTCPXPhy,zbOoAskJ,2
ThfbSZZW,MScZXeGZ,1
GsNokFhO,vmVwOAmH,56
EIEwJcKy,CptmdyJf,85
XRYxLjld,sUPrdSCT,66
dXwMLGHL,sTIDxcjq,99
AWuAPlIE,LTynRXJT,65
yBiYfiaD,ERZqAyKy,82
soqYFkJE,nEALhIYd,57
MVktaFYI,ngisfguO,45
qcjwWodN,HcNhDapg,67
jogdVuEQ,zOibPxqP,90
HyTraisG,ktxubxxT,51
VNJawztK,tOJxZzWL,26
ApszkHyZ,jbXdXtqT,37
pQnLSFPb,wvKsbOBo,11
lzSBONCF,YOIpqXXS,79
pfhRBfXC,KWbawGJX,1
hlQOLeJk,YFZGsHjO,18
GBxoazFG,CyBEHsds,81
STCuBLFL,leReBGdf,8
ILBgvFyn,SZkXrEAb,58
yYoNTIsh,vnNXEIaD,98
vHOMTdlY,wuKWcZiy,98
NFYkGcHG,iDGwOtcA,28
BnfwAEKx,UjehwtUr,22
delwkDCY,XpyKnEWi,26
hkUNrnvi,LDpMaMjR,49
